config,delta,metric,delta_mean,delta_std,n_seeds,sign_pos,sign_neg,sign_p,n_near_tie,sign_p_robust
single,trm_mixer_nomix-trm_mixer_nomix_unsharedro,accuracy,0.026164090633392333,0.06359602124118065,10,6,4,0.75390625,0,0.75390625
single,trm_mixer_nomix-trm_mixer_nomix_unsharedro,mse,-0.026164090633392333,0.06359602124118065,10,4,6,0.75390625,0,0.75390625
single,trm_mixer_nomix-trm_mixer_nomix_unsharedro,mae,-0.0163419246673584,0.02611689099614665,10,2,8,0.109375,0,0.109375
single,trm_mixer_nomix-trm_mixer_nomix_unsharedro,r2,0.023878211920390892,0.06248700972189574,10,6,4,0.75390625,0,0.75390625
single,trm_mixer-trm_mixer_unsharedro,accuracy,0.008809013664722443,0.042879329859551174,10,6,4,0.75390625,2,1.0
single,trm_mixer-trm_mixer_unsharedro,mse,-0.008809013664722443,0.042879329859551174,10,4,6,0.75390625,2,1.0
single,trm_mixer-trm_mixer_unsharedro,mae,-0.007053305208683014,0.02277437473155485,10,4,6,0.75390625,0,0.75390625
single,trm_mixer-trm_mixer_unsharedro,r2,0.009539455271968955,0.045221480276503224,10,6,4,0.75390625,2,1.0
single,trm_mixer-trm_mixer_nomix,accuracy,-0.03639799058437347,0.07664387315818208,10,4,6,0.75390625,0,0.75390625
single,trm_mixer-trm_mixer_nomix,mse,0.03639799058437347,0.07664387315818208,10,6,4,0.75390625,0,0.75390625
single,trm_mixer-trm_mixer_nomix,mae,0.017023532092571257,0.026926778091312675,10,6,4,0.75390625,1,0.5078125
single,trm_mixer-trm_mixer_nomix,r2,-0.036632471785388435,0.07625264687825166,10,4,6,0.75390625,0,0.75390625
single,trm_mixer_unsharedro-trm_mixer_nomix_unsharedro,accuracy,-0.019042913615703583,0.10755845265792885,10,3,7,0.34375,0,0.34375
single,trm_mixer_unsharedro-trm_mixer_nomix_unsharedro,mse,0.019042913615703583,0.10755845265792885,10,7,3,0.34375,0,0.34375
single,trm_mixer_unsharedro-trm_mixer_nomix_unsharedro,mae,0.007734912633895874,0.03402242701292598,10,6,4,0.75390625,1,1.0
single,trm_mixer_unsharedro-trm_mixer_nomix_unsharedro,r2,-0.022293715136966496,0.10500863816988744,10,3,7,0.34375,0,0.34375
single,trm_mixer_nomix-trm_mixer_nomix_distinctw,accuracy,0.04059861451387405,0.05526182081153491,10,9,1,0.021484375,0,0.021484375
single,trm_mixer_nomix-trm_mixer_nomix_distinctw,mse,-0.04059861451387405,0.05526182081153491,10,1,9,0.021484375,0,0.021484375
single,trm_mixer_nomix-trm_mixer_nomix_distinctw,mae,-0.02416711449623108,0.024314257105920046,10,0,10,0.001953125,0,0.001953125
single,trm_mixer_nomix-trm_mixer_nomix_distinctw,r2,0.038947367247061104,0.05146405475476336,10,9,1,0.021484375,0,0.021484375
single,trm_mixer_nomix-ff_matched,accuracy,0.12185999304056168,0.10923512718371893,10,10,0,0.001953125,0,0.001953125
single,trm_mixer_nomix-ff_matched,mse,-0.12185999304056168,0.10923512718371893,10,0,10,0.001953125,0,0.001953125
single,trm_mixer_nomix-ff_matched,mae,-0.07948982119560241,0.053161767099836936,10,0,10,0.001953125,0,0.001953125
single,trm_mixer_nomix-ff_matched,r2,0.12025757531948274,0.10414475767928726,10,10,0,0.001953125,0,0.001953125
single,trm_mixer_nomix_unsharedro-ff_matched,accuracy,0.09569590240716934,0.08221810960024863,10,9,1,0.021484375,0,0.021484375
single,trm_mixer_nomix_unsharedro-ff_matched,mse,-0.09569590240716934,0.08221810960024863,10,1,9,0.021484375,0,0.021484375
single,trm_mixer_nomix_unsharedro-ff_matched,mae,-0.06314789652824401,0.03752748976871708,10,0,10,0.001953125,0,0.001953125
single,trm_mixer_nomix_unsharedro-ff_matched,r2,0.09637936339909185,0.08782446189010891,10,9,1,0.021484375,0,0.021484375
single,trm_mixer-ff_matched,accuracy,0.08546200245618821,0.13634769900784627,10,9,1,0.021484375,0,0.021484375
single,trm_mixer-ff_matched,mse,-0.08546200245618821,0.13634769900784627,10,1,9,0.021484375,0,0.021484375
single,trm_mixer-ff_matched,mae,-0.06246628910303116,0.05597216508194192,10,1,9,0.021484375,0,0.021484375
single,trm_mixer-ff_matched,r2,0.08362510353409432,0.1327287450457854,10,9,1,0.021484375,0,0.021484375
single,trm_flat-ff_matched,accuracy,0.05116989016532898,0.07062882795090063,10,6,4,0.75390625,1,0.5078125
single,trm_flat-ff_matched,mse,-0.05116989016532898,0.07062882795090063,10,4,6,0.75390625,1,0.5078125
single,trm_flat-ff_matched,mae,-0.019483932852745058,0.02809318517557162,10,3,7,0.34375,1,0.5078125
single,trm_flat-ff_matched,r2,0.04780030602946794,0.06533853370745392,10,6,4,0.75390625,1,0.5078125
