config,arm,n_params,ref_params,ratio,role,within_tol
n_givens=30,trm_mixer,325762,324313,1.0045,matched,True
n_givens=30,trm_mixer_nomix,331369,324313,1.0218,matched,True
n_givens=30,trm_mixer_unsharedro,322546,324313,0.9946,matched,True
n_givens=30,trm_mixer_nomix_unsharedro,322809,324313,0.9954,matched,True
n_givens=30,trm_mixer_nomix_distinctw,330889,324313,1.0203,matched,True
n_givens=30,trm_flat,324313,324313,1.0000,reference,True
n_givens=30,ff_matched,323865,324313,0.9986,matched,True
n_givens=26,trm_mixer,325762,324313,1.0045,matched,True
n_givens=26,trm_mixer_nomix,331369,324313,1.0218,matched,True
n_givens=26,trm_mixer_unsharedro,322546,324313,0.9946,matched,True
n_givens=26,trm_mixer_nomix_unsharedro,322809,324313,0.9954,matched,True
n_givens=26,trm_mixer_nomix_distinctw,330889,324313,1.0203,matched,True
n_givens=26,trm_flat,324313,324313,1.0000,reference,True
n_givens=26,ff_matched,323865,324313,0.9986,matched,True
n_givens=24,trm_mixer,325762,324313,1.0045,matched,True
n_givens=24,trm_mixer_nomix,331369,324313,1.0218,matched,True
n_givens=24,trm_mixer_unsharedro,322546,324313,0.9946,matched,True
n_givens=24,trm_mixer_nomix_unsharedro,322809,324313,0.9954,matched,True
n_givens=24,trm_mixer_nomix_distinctw,330889,324313,1.0203,matched,True
n_givens=24,trm_flat,324313,324313,1.0000,reference,True
n_givens=24,ff_matched,323865,324313,0.9986,matched,True
