config,arm,metric,mean,std,n_params
single,baseline,accuracy,-2.0811886191368103,0.1254970495014377,0
single,baseline,mse,2.0811886191368103,0.1254970495014377,0
single,baseline,mae,0.9923542439937592,0.028548853752513252,0
single,baseline,r2,-0.8058301211940053,0.017522265560953612,0
single,trm_mixer,accuracy,-0.3318190276622772,0.05273437302104616,7985726
single,trm_mixer,train_accuracy,-0.2127138003706932,0.0024689830622104357,7985726
single,trm_mixer,mse,0.3318190276622772,0.05273437302104616,7985726
single,trm_mixer,mae,0.2640315890312195,0.014395080884234827,7985726
single,trm_mixer,r2,0.7130622080961624,0.03310326884835882,7985726
single,trm_mixer_nomix,accuracy,-0.3768498823046684,0.041372895479692584,7971064
single,trm_mixer_nomix,train_accuracy,-0.2778260111808777,0.007241199802462657,7971064
single,trm_mixer_nomix,mse,0.3768498823046684,0.041372895479692584,7971064
single,trm_mixer_nomix,mae,0.29532090574502945,0.01663395742039121,7971064
single,trm_mixer_nomix,r2,0.6736144729996218,0.020793882312891285,7971064
single,trm_mixer_unsharedro,accuracy,-0.2987026423215866,0.05216692670482361,7865900
single,trm_mixer_unsharedro,train_accuracy,-0.17608657106757164,0.0009127104230473319,7865900
single,trm_mixer_unsharedro,mse,0.2987026423215866,0.05216692670482361,7865900
single,trm_mixer_unsharedro,mae,0.2515634670853615,0.01500167519484916,7865900
single,trm_mixer_unsharedro,r2,0.7414138532345294,0.03932806571344435,7865900
single,trm_mixer_nomix_unsharedro,accuracy,-0.3211629092693329,0.048977608771503624,8082168
single,trm_mixer_nomix_unsharedro,train_accuracy,-0.22253099083900452,0.0017958359821784377,8082168
single,trm_mixer_nomix_unsharedro,mse,0.3211629092693329,0.048977608771503624,8082168
single,trm_mixer_nomix_unsharedro,mae,0.26186662167310715,0.014717687082902118,8082168
single,trm_mixer_nomix_unsharedro,r2,0.7219677492535741,0.034772070280360015,8082168
single,trm_mixer_nomix_distinctw,accuracy,-0.36665794253349304,0.05347635872208545,8003932
single,trm_mixer_nomix_distinctw,train_accuracy,-0.23052428662776947,0.0023770449183648894,8003932
single,trm_mixer_nomix_distinctw,mse,0.36665794253349304,0.05347635872208545,8003932
single,trm_mixer_nomix_distinctw,mae,0.29444121569395065,0.012525180919521916,8003932
single,trm_mixer_nomix_distinctw,r2,0.6826985313881269,0.03486620873266489,8003932
single,trm_flat,accuracy,-0.3799705505371094,0.06549007766318277,7973328
single,trm_flat,train_accuracy,-0.22194469720125198,0.001143418582929075,7973328
single,trm_flat,mse,0.3799705505371094,0.06549007766318277,7973328
single,trm_flat,mae,0.297468364238739,0.016454502241428103,7973328
single,trm_flat,r2,0.6718220301148776,0.03839596390287106,7973328
single,ff_matched,accuracy,-0.8103275746107101,0.22683932750489835,7991651
single,ff_matched,train_accuracy,-0.6848942413926125,0.2721079284689103,7991651
single,ff_matched,mse,0.8103275746107101,0.22683932750489835,7991651
single,ff_matched,mae,0.575156606733799,0.14022549916160218,7991651
single,ff_matched,r2,0.2870002816661176,0.23893699092917287,7991651
