config,arm,metric,mean,std,n_params
single,baseline,accuracy,0.697357037530557,0.005892030919355248,0
single,baseline,exact_match,0.10756832756078323,0.01568222257024884,0
single,trm_det,accuracy,0.749570120562199,0.012650839197515576,19164
single,trm_det,train_accuracy,0.9914365748454553,0.008477909051170195,19164
single,trm_det,exact_match,0.1460512328109461,0.028259063991171673,19164
single,trm_det,micro_f1,0.5853538978612156,0.019376937877633633,19164
single,trm_det,macro_f1,0.43307463192296475,0.019815696137597004,19164
single,trm_det,sampled_accuracy,0.749570120562199,0.012650839197515576,19164
single,trm_det,sampled_exact_match,0.1460512328109461,0.028259063991171673,19164
single,trm_det,oracle_accuracy,0.7495701205621991,0.01265083919751561,19164
single,trm_det,oracle_exact_match,0.1460512328109461,0.028259063991171673,19164
single,trm_det,latent_sensitivity,0.0,0.0,19164
single,trm_det,distinct_predictions,1.0,0.0,19164
single,trm_det,coherence_excess,0.12792683570651622,0.024204281503561978,19164
single,trm_det,mean_wrong_per_row,3.506018312129214,0.17711174876521818,19164
single,trm_xm1,accuracy,0.7457037775502506,0.009170440185662994,19164
single,trm_xm1,train_accuracy,0.9945224134912586,0.010079399884119593,19164
single,trm_xm1,exact_match,0.1481190631322657,0.015715485808487473,19164
single,trm_xm1,micro_f1,0.5781680874780041,0.015402176344886245,19164
single,trm_xm1,macro_f1,0.42311052468659416,0.015174667741819341,19164
single,trm_xm1,sampled_accuracy,0.7458006688238206,0.008930427521905692,19164
single,trm_xm1,sampled_exact_match,0.1465673330818559,0.01488969559160394,19164
single,trm_xm1,oracle_accuracy,0.7559009832114321,0.01137138621137787,19164
single,trm_xm1,oracle_exact_match,0.15970131339803162,0.018008607296576037,19164
single,trm_xm1,latent_sensitivity,0.008249884175747731,0.003877378981965013,19164
single,trm_xm1,distinct_predictions,1.2834282089091595,0.13385735690323466,19164
single,trm_xm1,coherence_excess,0.13147119854641887,0.013150152514472694,19164
single,trm_xm1,mean_wrong_per_row,3.560147114296492,0.1283861625992819,19164
single,trm_xm8,accuracy,0.7511671655391007,0.014445350370386273,19164
single,trm_xm8,train_accuracy,0.9729656938206317,0.0040890063028515425,19164
single,trm_xm8,exact_match,0.15805527931140906,0.027182262321454098,19164
single,trm_xm8,micro_f1,0.587727966731154,0.020551405515780566,19164
single,trm_xm8,macro_f1,0.4362207450943944,0.019694802355605126,19164
single,trm_xm8,sampled_accuracy,0.7467693825412611,0.010063793436102458,19164
single,trm_xm8,sampled_exact_match,0.14460388018243545,0.013923175247391305,19164
single,trm_xm8,oracle_accuracy,0.8254950349537298,0.011593814424320744,19164
single,trm_xm8,oracle_exact_match,0.26396385583484794,0.027223354478197456,19164
single,trm_xm8,latent_sensitivity,0.09675381537684172,0.009262328858773592,19164
single,trm_xm8,distinct_predictions,3.367813175131169,0.15401872899918792,19164
single,trm_xm8,coherence_excess,0.1392469847846618,0.023747769390898187,19164
single,trm_xm8,mean_wrong_per_row,3.483659682452591,0.20223490518540793,19164
single,ff_det,accuracy,0.7551267103322931,0.009475677646031843,19238
single,ff_det,train_accuracy,1.0,0.0,19238
single,ff_det,exact_match,0.13239086451081925,0.023026354392913298,19238
single,ff_det,micro_f1,0.5948690583324618,0.016801334805458847,19238
single,ff_det,macro_f1,0.43948771886446103,0.014962580333297554,19238
single,ff_det,sampled_accuracy,0.7551267103322931,0.009475677646031843,19238
single,ff_det,sampled_exact_match,0.13239086451081925,0.023026354392913298,19238
single,ff_det,oracle_accuracy,0.7551267103322932,0.009475677646031832,19238
single,ff_det,oracle_exact_match,0.13239086451081925,0.023026354392913298,19238
single,ff_det,latent_sensitivity,0.0,0.0,19238
single,ff_det,distinct_predictions,1.0,0.0,19238
single,ff_det,coherence_excess,0.11253352898377104,0.02119349378027161,19238
single,ff_det,mean_wrong_per_row,3.4282260553478965,0.1326594870444456,19238
single,ff_xm1,accuracy,0.7544179603874059,0.011320588707916635,19238
single,ff_xm1,train_accuracy,1.0,0.0,19238
single,ff_xm1,exact_match,0.1257707211686842,0.028952630623611558,19238
single,ff_xm1,micro_f1,0.5943928528091539,0.019544121726279177,19238
single,ff_xm1,macro_f1,0.44211046494942535,0.015572730751664614,19238
single,ff_xm1,sampled_accuracy,0.7541368394430917,0.011617547706899213,19238
single,ff_xm1,sampled_exact_match,0.12525354926099927,0.028759259151870147,19238
single,ff_xm1,oracle_accuracy,0.7574919045496186,0.012283924681207325,19238
single,ff_xm1,oracle_exact_match,0.12825348924933988,0.02933275936618242,19238
single,ff_xm1,latent_sensitivity,0.0026477870219450217,0.002434840364729279,19238
single,ff_xm1,distinct_predictions,1.0960203696718218,0.08898747467315823,19238
single,ff_xm1,coherence_excess,0.10605150346785519,0.026146013721288348,19238
single,ff_xm1,mean_wrong_per_row,3.4381485545763177,0.15848824191083288,19238
single,ff_xm8,accuracy,0.7577869414629127,0.011703927401332439,19238
single,ff_xm8,train_accuracy,0.9855682607094562,0.002873569657109014,19238
single,ff_xm8,exact_match,0.13198278522684406,0.02854042018472901,19238
single,ff_xm8,micro_f1,0.599069539556865,0.017554544494687237,19238
single,ff_xm8,macro_f1,0.44265661329742195,0.022081252287620153,19238
single,ff_xm8,sampled_accuracy,0.7506718550216287,0.009095652740231457,19238
single,ff_xm8,sampled_exact_match,0.11832777511059292,0.02199078564932135,19238
single,ff_xm8,oracle_accuracy,0.8284185825490994,0.007809879341254141,19238
single,ff_xm8,oracle_exact_match,0.21844586948321393,0.029218512386412057,19238
single,ff_xm8,latent_sensitivity,0.09190121660954771,0.0034164386218017546,19238
single,ff_xm8,distinct_predictions,3.3681681012310962,0.12187391096913824,19238
single,ff_xm8,coherence_excess,0.11101293134649089,0.025472877326232247,19238
single,ff_xm8,mean_wrong_per_row,3.3909828195192206,0.16385498361865394,19238
single,trm_decoupled_det,accuracy,0.735835533760845,0.011522419340225848,18972
single,trm_decoupled_det,train_accuracy,0.9684930515309571,0.007357643592775922,18972
single,trm_decoupled_det,exact_match,0.11254929529165666,0.02507842289593963,18972
single,trm_decoupled_det,micro_f1,0.5539185406024594,0.02017116272658473,18972
single,trm_decoupled_det,macro_f1,0.39546835221818977,0.02389614937199395,18972
single,trm_decoupled_det,sampled_accuracy,0.735835533760845,0.011522419340225848,18972
single,trm_decoupled_det,sampled_exact_match,0.11254929529165666,0.02507842289593963,18972
single,trm_decoupled_det,oracle_accuracy,0.7358355337608449,0.011522419340225836,18972
single,trm_decoupled_det,oracle_exact_match,0.11254929529165666,0.02507842289593963,18972
single,trm_decoupled_det,latent_sensitivity,0.0,0.0,18972
single,trm_decoupled_det,distinct_predictions,1.0,0.0,18972
single,trm_decoupled_det,coherence_excess,0.09864436893731413,0.023739588631186193,18972
single,trm_decoupled_det,mean_wrong_per_row,3.69830252734817,0.1613138707631619,18972
