config,delta,metric,delta_mean,delta_std,n_seeds,sign_pos,sign_neg,sign_p,n_near_tie,sign_p_robust
n_masked=2,trm_mixer_xm8-trm_mixer_xm1,accuracy,0.00024999999999997247,0.0,1,1,0,1.0,1,1.0
n_masked=2,trm_mixer_xm8-trm_mixer_xm1,exact_match,0.089,0.0,1,1,0,1.0,0,1.0
n_masked=2,trm_mixer_xm8-trm_mixer_xm1,coherence_excess,0.08814554139758701,0.0,1,1,0,1.0,0,1.0
n_masked=2,trm_mixer_xm8-trm_mixer_xm1,sampled_accuracy,-0.007713541666666601,0.0,1,0,1,1.0,0,1.0
n_masked=2,trm_mixer_xm8-trm_mixer_xm1,sampled_exact_match,0.234875,0.0,1,1,0,1.0,0,1.0
n_masked=2,trm_mixer_xm8-trm_mixer_xm1,oracle_exact_match,0.71,0.0,1,1,0,1.0,0,1.0
n_masked=2,trm_mixer_xm8-trm_mixer_xm1,mode_validity,0.473875,0.0,1,1,0,1.0,0,1.0
n_masked=2,trm_mixer_xm8-trm_mixer_xm1,mode_coverage,0.6982499999999999,0.0,1,1,0,1.0,0,1.0
n_masked=2,ff_xm8-ff_xm1,accuracy,-0.00245833333333334,0.0,1,0,1,1.0,0,1.0
n_masked=2,ff_xm8-ff_xm1,exact_match,0.008000000000000007,0.0,1,1,0,1.0,0,1.0
n_masked=2,ff_xm8-ff_xm1,coherence_excess,0.0162513692430062,0.0,1,1,0,1.0,0,1.0
n_masked=2,ff_xm8-ff_xm1,sampled_accuracy,-0.014197916666666588,0.0,1,0,1,1.0,0,1.0
n_masked=2,ff_xm8-ff_xm1,sampled_exact_match,0.09687499999999999,0.0,1,1,0,1.0,0,1.0
n_masked=2,ff_xm8-ff_xm1,oracle_exact_match,0.5589999999999999,0.0,1,1,0,1.0,0,1.0
n_masked=2,ff_xm8-ff_xm1,mode_validity,0.22925,0.0,1,1,0,1.0,0,1.0
n_masked=2,ff_xm8-ff_xm1,mode_coverage,0.5681666666666667,0.0,1,1,0,1.0,0,1.0
n_masked=2,trm_flat_xm8-trm_flat_det,accuracy,0.0,0.0,1,0,0,1.0,1,1.0
n_masked=2,trm_flat_xm8-trm_flat_det,exact_match,0.09,0.0,1,1,0,1.0,0,1.0
n_masked=2,trm_flat_xm8-trm_flat_det,coherence_excess,0.09000000000000001,0.0,1,1,0,1.0,0,1.0
n_masked=2,trm_flat_xm8-trm_flat_det,sampled_accuracy,-0.015802083333333328,0.0,1,0,1,1.0,0,1.0
n_masked=2,trm_flat_xm8-trm_flat_det,sampled_exact_match,0.116625,0.0,1,1,0,1.0,0,1.0
n_masked=2,trm_flat_xm8-trm_flat_det,oracle_exact_match,0.659,0.0,1,1,0,1.0,0,1.0
n_masked=2,trm_flat_xm8-trm_flat_det,mode_validity,0.23049999999999993,0.0,1,1,0,1.0,0,1.0
n_masked=2,trm_flat_xm8-trm_flat_det,mode_coverage,0.6535,0.0,1,1,0,1.0,0,1.0
n_masked=2,trm_mixer_xm1-trm_mixer_det,accuracy,-0.00275000000000003,0.0,1,0,1,1.0,0,1.0
n_masked=2,trm_mixer_xm1-trm_mixer_det,exact_match,-0.038000000000000006,0.0,1,0,1,1.0,0,1.0
n_masked=2,trm_mixer_xm1-trm_mixer_det,coherence_excess,-0.028300579853479002,0.0,1,0,1,1.0,0,1.0
n_masked=2,trm_mixer_xm1-trm_mixer_det,sampled_accuracy,-0.0028385416666667496,0.0,1,0,1,1.0,0,1.0
n_masked=2,trm_mixer_xm1-trm_mixer_det,sampled_exact_match,-0.03887500000000002,0.0,1,0,1,1.0,0,1.0
n_masked=2,trm_mixer_xm1-trm_mixer_det,oracle_exact_match,0.032,0.0,1,1,0,1.0,0,1.0
n_masked=2,trm_mixer_xm1-trm_mixer_det,mode_validity,-0.04262499999999997,0.0,1,0,1,1.0,0,1.0
n_masked=2,trm_mixer_xm1-trm_mixer_det,mode_coverage,0.04525000000000001,0.0,1,1,0,1.0,0,1.0
n_masked=2,ff_xm8-trm_mixer_det,accuracy,-0.004583333333333384,0.0,1,0,1,1.0,0,1.0
n_masked=2,ff_xm8-trm_mixer_det,exact_match,0.059,0.0,1,1,0,1.0,0,1.0
n_masked=2,ff_xm8-trm_mixer_det,coherence_excess,0.0748045759510421,0.0,1,1,0,1.0,0,1.0
n_masked=2,ff_xm8-trm_mixer_det,sampled_accuracy,-0.016822916666666687,0.0,1,0,1,1.0,0,1.0
n_masked=2,ff_xm8-trm_mixer_det,sampled_exact_match,0.14512499999999998,0.0,1,1,0,1.0,0,1.0
n_masked=2,ff_xm8-trm_mixer_det,oracle_exact_match,0.691,0.0,1,1,0,1.0,0,1.0
n_masked=2,ff_xm8-trm_mixer_det,mode_validity,0.31162500000000004,0.0,1,1,0,1.0,0,1.0
n_masked=2,ff_xm8-trm_mixer_det,mode_coverage,0.6858333333333334,0.0,1,1,0,1.0,0,1.0
n_masked=2,trm_mixer_xm8-ff_xm8,accuracy,0.002083333333333326,0.0,1,1,0,1.0,0,1.0
n_masked=2,trm_mixer_xm8-ff_xm8,exact_match,-0.008000000000000007,0.0,1,0,1,1.0,0,1.0
n_masked=2,trm_mixer_xm8-ff_xm8,coherence_excess,-0.014959614406934094,0.0,1,0,1,1.0,0,1.0
n_masked=2,trm_mixer_xm8-ff_xm8,sampled_accuracy,0.006270833333333337,0.0,1,1,0,1.0,0,1.0
n_masked=2,trm_mixer_xm8-ff_xm8,sampled_exact_match,0.050875000000000004,0.0,1,1,0,1.0,0,1.0
n_masked=2,trm_mixer_xm8-ff_xm8,oracle_exact_match,0.051000000000000045,0.0,1,1,0,1.0,0,1.0
n_masked=2,trm_mixer_xm8-ff_xm8,mode_validity,0.11962499999999998,0.0,1,1,0,1.0,0,1.0
n_masked=2,trm_mixer_xm8-ff_xm8,mode_coverage,0.05766666666666653,0.0,1,1,0,1.0,0,1.0
n_masked=2,trm_mixer_det-ff_det,accuracy,0.0030416666666667203,0.0,1,1,0,1.0,0,1.0
n_masked=2,trm_mixer_det-ff_det,exact_match,-0.033,0.0,1,0,1,1.0,0,1.0
n_masked=2,trm_mixer_det-ff_det,coherence_excess,-0.0436895521338225,0.0,1,0,1,1.0,0,1.0
n_masked=2,trm_mixer_det-ff_det,sampled_accuracy,0.0030416666666667203,0.0,1,1,0,1.0,0,1.0
n_masked=2,trm_mixer_det-ff_det,sampled_exact_match,-0.033,0.0,1,0,1,1.0,0,1.0
n_masked=2,trm_mixer_det-ff_det,oracle_exact_match,-0.033,0.0,1,0,1,1.0,0,1.0
n_masked=2,trm_mixer_det-ff_det,mode_validity,-0.04299999999999998,0.0,1,0,1,1.0,0,1.0
n_masked=2,trm_mixer_det-ff_det,mode_coverage,-0.018166666666666692,0.0,1,0,1,1.0,0,1.0
n_masked=4,trm_mixer_xm8-trm_mixer_xm1,accuracy,-0.0007083333333333108,0.0,1,0,1,1.0,1,1.0
n_masked=4,trm_mixer_xm8-trm_mixer_xm1,exact_match,0.07599999999999998,0.0,1,1,0,1.0,0,1.0
n_masked=4,trm_mixer_xm8-trm_mixer_xm1,coherence_excess,0.07743845331274377,0.0,1,1,0,1.0,0,1.0
n_masked=4,trm_mixer_xm8-trm_mixer_xm1,sampled_accuracy,-0.015609374999999925,0.0,1,0,1,1.0,0,1.0
n_masked=4,trm_mixer_xm8-trm_mixer_xm1,sampled_exact_match,0.104125,0.0,1,1,0,1.0,0,1.0
n_masked=4,trm_mixer_xm8-trm_mixer_xm1,oracle_exact_match,0.642,0.0,1,1,0,1.0,0,1.0
n_masked=4,trm_mixer_xm8-trm_mixer_xm1,mode_validity,0.41687499999999994,0.0,1,1,0,1.0,0,1.0
n_masked=4,trm_mixer_xm8-trm_mixer_xm1,mode_coverage,0.6566888888888889,0.0,1,1,0,1.0,0,1.0
n_masked=4,ff_xm8-ff_xm1,accuracy,-0.003083333333333327,0.0,1,0,1,1.0,0,1.0
n_masked=4,ff_xm8-ff_xm1,exact_match,0.013000000000000012,0.0,1,1,0,1.0,0,1.0
n_masked=4,ff_xm8-ff_xm1,coherence_excess,0.01880844534468877,0.0,1,1,0,1.0,0,1.0
n_masked=4,ff_xm8-ff_xm1,sampled_accuracy,-0.01961979166666661,0.0,1,0,1,1.0,0,1.0
n_masked=4,ff_xm8-ff_xm1,sampled_exact_match,0.051374999999999976,0.0,1,1,0,1.0,0,1.0
n_masked=4,ff_xm8-ff_xm1,oracle_exact_match,0.55,0.0,1,1,0,1.0,0,1.0
n_masked=4,ff_xm8-ff_xm1,mode_validity,0.26799999999999996,0.0,1,1,0,1.0,0,1.0
n_masked=4,ff_xm8-ff_xm1,mode_coverage,0.5747507936507937,0.0,1,1,0,1.0,0,1.0
n_masked=4,trm_flat_xm8-trm_flat_det,accuracy,0.0016666666666667052,0.0,1,1,0,1.0,0,1.0
n_masked=4,trm_flat_xm8-trm_flat_det,exact_match,0.08299999999999999,0.0,1,1,0,1.0,0,1.0
n_masked=4,trm_flat_xm8-trm_flat_det,coherence_excess,0.08000863680322652,0.0,1,1,0,1.0,0,1.0
n_masked=4,trm_flat_xm8-trm_flat_det,sampled_accuracy,-0.01851041666666664,0.0,1,0,1,1.0,0,1.0
n_masked=4,trm_flat_xm8-trm_flat_det,sampled_exact_match,0.06512499999999999,0.0,1,1,0,1.0,0,1.0
n_masked=4,trm_flat_xm8-trm_flat_det,oracle_exact_match,0.655,0.0,1,1,0,1.0,0,1.0
n_masked=4,trm_flat_xm8-trm_flat_det,mode_validity,0.296375,0.0,1,1,0,1.0,0,1.0
n_masked=4,trm_flat_xm8-trm_flat_det,mode_coverage,0.6500523809523809,0.0,1,1,0,1.0,0,1.0
n_masked=4,trm_mixer_xm1-trm_mixer_det,accuracy,0.0016666666666667052,0.0,1,1,0,1.0,0,1.0
n_masked=4,trm_mixer_xm1-trm_mixer_det,exact_match,-0.025999999999999995,0.0,1,0,1,1.0,0,1.0
n_masked=4,trm_mixer_xm1-trm_mixer_det,coherence_excess,-0.029343508688733852,0.0,1,0,1,1.0,0,1.0
n_masked=4,trm_mixer_xm1-trm_mixer_det,sampled_accuracy,0.0003906249999999778,0.0,1,1,0,1.0,1,1.0
n_masked=4,trm_mixer_xm1-trm_mixer_det,sampled_exact_match,-0.027999999999999997,0.0,1,0,1,1.0,0,1.0
n_masked=4,trm_mixer_xm1-trm_mixer_det,oracle_exact_match,0.0050000000000000044,0.0,1,1,0,1.0,0,1.0
n_masked=4,trm_mixer_xm1-trm_mixer_det,mode_validity,-0.0615,0.0,1,0,1,1.0,0,1.0
n_masked=4,trm_mixer_xm1-trm_mixer_det,mode_coverage,0.018579365079365084,0.0,1,1,0,1.0,0,1.0
n_masked=4,ff_xm8-trm_mixer_det,accuracy,-0.003166666666666651,0.0,1,0,1,1.0,0,1.0
n_masked=4,ff_xm8-trm_mixer_det,exact_match,0.009000000000000008,0.0,1,1,0,1.0,0,1.0
n_masked=4,ff_xm8-trm_mixer_det,coherence_excess,0.01497190106845303,0.0,1,1,0,1.0,0,1.0
n_masked=4,ff_xm8-trm_mixer_det,sampled_accuracy,-0.020067708333333267,0.0,1,0,1,1.0,0,1.0
n_masked=4,ff_xm8-trm_mixer_det,sampled_exact_match,0.047249999999999986,0.0,1,1,0,1.0,0,1.0
n_masked=4,ff_xm8-trm_mixer_det,oracle_exact_match,0.589,0.0,1,1,0,1.0,0,1.0
n_masked=4,ff_xm8-trm_mixer_det,mode_validity,0.23637499999999995,0.0,1,1,0,1.0,0,1.0
n_masked=4,ff_xm8-trm_mixer_det,mode_coverage,0.6132738095238096,0.0,1,1,0,1.0,0,1.0
n_masked=4,trm_mixer_xm8-ff_xm8,accuracy,0.004125000000000045,0.0,1,1,0,1.0,0,1.0
n_masked=4,trm_mixer_xm8-ff_xm8,exact_match,0.04099999999999998,0.0,1,1,0,1.0,0,1.0
n_masked=4,trm_mixer_xm8-ff_xm8,coherence_excess,0.03312304355555688,0.0,1,1,0,1.0,0,1.0
n_masked=4,trm_mixer_xm8-ff_xm8,sampled_accuracy,0.00484895833333332,0.0,1,1,0,1.0,0,1.0
n_masked=4,trm_mixer_xm8-ff_xm8,sampled_exact_match,0.028875000000000012,0.0,1,1,0,1.0,0,1.0
n_masked=4,trm_mixer_xm8-ff_xm8,oracle_exact_match,0.05800000000000005,0.0,1,1,0,1.0,0,1.0
n_masked=4,trm_mixer_xm8-ff_xm8,mode_validity,0.119,0.0,1,1,0,1.0,0,1.0
n_masked=4,trm_mixer_xm8-ff_xm8,mode_coverage,0.06199444444444435,0.0,1,1,0,1.0,0,1.0
n_masked=4,trm_mixer_det-ff_det,accuracy,0.0023333333333332984,0.0,1,1,0,1.0,0,1.0
n_masked=4,trm_mixer_det-ff_det,exact_match,0.017999999999999988,0.0,1,1,0,1.0,0,1.0
n_masked=4,trm_mixer_det-ff_det,coherence_excess,0.01355284465679503,0.0,1,1,0,1.0,0,1.0
n_masked=4,trm_mixer_det-ff_det,sampled_accuracy,0.0023333333333332984,0.0,1,1,0,1.0,0,1.0
n_masked=4,trm_mixer_det-ff_det,sampled_exact_match,0.017999999999999988,0.0,1,1,0,1.0,0,1.0
n_masked=4,trm_mixer_det-ff_det,oracle_exact_match,0.017999999999999988,0.0,1,1,0,1.0,0,1.0
n_masked=4,trm_mixer_det-ff_det,mode_validity,0.03600000000000003,0.0,1,1,0,1.0,0,1.0
n_masked=4,trm_mixer_det-ff_det,mode_coverage,0.004150000000000015,0.0,1,1,0,1.0,0,1.0
n_masked=6,trm_mixer_xm8-trm_mixer_xm1,accuracy,-0.003375000000000017,0.0,1,0,1,1.0,0,1.0
n_masked=6,trm_mixer_xm8-trm_mixer_xm1,exact_match,0.042,0.0,1,1,0,1.0,0,1.0
n_masked=6,trm_mixer_xm8-trm_mixer_xm1,coherence_excess,0.044340836203098935,0.0,1,1,0,1.0,0,1.0
n_masked=6,trm_mixer_xm8-trm_mixer_xm1,sampled_accuracy,-0.01331250000000006,0.0,1,0,1,1.0,0,1.0
n_masked=6,trm_mixer_xm8-trm_mixer_xm1,sampled_exact_match,0.091375,0.0,1,1,0,1.0,0,1.0
n_masked=6,trm_mixer_xm8-trm_mixer_xm1,oracle_exact_match,0.5439999999999999,0.0,1,1,0,1.0,0,1.0
n_masked=6,trm_mixer_xm8-trm_mixer_xm1,mode_validity,0.537625,0.0,1,1,0,1.0,0,1.0
n_masked=6,trm_mixer_xm8-trm_mixer_xm1,mode_coverage,0.5449539682539682,0.0,1,1,0,1.0,0,1.0
n_masked=6,ff_xm8-ff_xm1,accuracy,0.0014999999999999458,0.0,1,1,0,1.0,0,1.0
n_masked=6,ff_xm8-ff_xm1,exact_match,0.006999999999999999,0.0,1,1,0,1.0,0,1.0
n_masked=6,ff_xm8-ff_xm1,coherence_excess,0.005985752271507019,0.0,1,1,0,1.0,0,1.0
n_masked=6,ff_xm8-ff_xm1,sampled_accuracy,-0.014723958333333287,0.0,1,0,1,1.0,0,1.0
n_masked=6,ff_xm8-ff_xm1,sampled_exact_match,0.06337500000000001,0.0,1,1,0,1.0,0,1.0
n_masked=6,ff_xm8-ff_xm1,oracle_exact_match,0.49799999999999994,0.0,1,1,0,1.0,0,1.0
n_masked=6,ff_xm8-ff_xm1,mode_validity,0.38412500000000005,0.0,1,1,0,1.0,0,1.0
n_masked=6,ff_xm8-ff_xm1,mode_coverage,0.48073214285714294,0.0,1,1,0,1.0,0,1.0
n_masked=6,trm_flat_xm8-trm_flat_det,accuracy,0.006624999999999992,0.0,1,1,0,1.0,0,1.0
n_masked=6,trm_flat_xm8-trm_flat_det,exact_match,0.07,0.0,1,1,0,1.0,0,1.0
n_masked=6,trm_flat_xm8-trm_flat_det,coherence_excess,0.06493764217777928,0.0,1,1,0,1.0,0,1.0
n_masked=6,trm_flat_xm8-trm_flat_det,sampled_accuracy,-0.0213854166666666,0.0,1,0,1,1.0,0,1.0
n_masked=6,trm_flat_xm8-trm_flat_det,sampled_exact_match,0.08549999999999999,0.0,1,1,0,1.0,0,1.0
n_masked=6,trm_flat_xm8-trm_flat_det,oracle_exact_match,0.5539999999999999,0.0,1,1,0,1.0,0,1.0
n_masked=6,trm_flat_xm8-trm_flat_det,mode_validity,0.470375,0.0,1,1,0,1.0,0,1.0
n_masked=6,trm_flat_xm8-trm_flat_det,mode_coverage,0.5269853174603174,0.0,1,1,0,1.0,0,1.0
n_masked=6,trm_mixer_xm1-trm_mixer_det,accuracy,0.0030416666666667203,0.0,1,1,0,1.0,0,1.0
n_masked=6,trm_mixer_xm1-trm_mixer_det,exact_match,-0.018000000000000002,0.0,1,0,1,1.0,0,1.0
n_masked=6,trm_mixer_xm1-trm_mixer_det,coherence_excess,-0.020118966757880774,0.0,1,0,1,1.0,0,1.0
n_masked=6,trm_mixer_xm1-trm_mixer_det,sampled_accuracy,0.0031510416666666874,0.0,1,1,0,1.0,0,1.0
n_masked=6,trm_mixer_xm1-trm_mixer_det,sampled_exact_match,-0.019374999999999996,0.0,1,0,1,1.0,0,1.0
n_masked=6,trm_mixer_xm1-trm_mixer_det,oracle_exact_match,-0.0020000000000000018,0.0,1,0,1,1.0,0,1.0
n_masked=6,trm_mixer_xm1-trm_mixer_det,mode_validity,-0.08712499999999998,0.0,1,0,1,1.0,0,1.0
n_masked=6,trm_mixer_xm1-trm_mixer_det,mode_coverage,0.007101587301587303,0.0,1,1,0,1.0,0,1.0
n_masked=6,ff_xm8-trm_mixer_det,accuracy,0.0011666666666666492,0.0,1,1,0,1.0,0,1.0
n_masked=6,ff_xm8-trm_mixer_det,exact_match,0.006999999999999999,0.0,1,1,0,1.0,0,1.0
n_masked=6,ff_xm8-trm_mixer_det,coherence_excess,0.006207621716725176,0.0,1,1,0,1.0,0,1.0
n_masked=6,ff_xm8-trm_mixer_det,sampled_accuracy,-0.015755208333333326,0.0,1,0,1,1.0,0,1.0
n_masked=6,ff_xm8-trm_mixer_det,sampled_exact_match,0.061750000000000006,0.0,1,1,0,1.0,0,1.0
n_masked=6,ff_xm8-trm_mixer_det,oracle_exact_match,0.5209999999999999,0.0,1,1,0,1.0,0,1.0
n_masked=6,ff_xm8-trm_mixer_det,mode_validity,0.38000000000000006,0.0,1,1,0,1.0,0,1.0
n_masked=6,ff_xm8-trm_mixer_det,mode_coverage,0.5095436507936508,0.0,1,1,0,1.0,0,1.0
n_masked=6,trm_mixer_xm8-ff_xm8,accuracy,-0.0014999999999999458,0.0,1,0,1,1.0,0,1.0
n_masked=6,trm_mixer_xm8-ff_xm8,exact_match,0.017,0.0,1,1,0,1.0,0,1.0
n_masked=6,trm_mixer_xm8-ff_xm8,coherence_excess,0.018014247728492985,0.0,1,1,0,1.0,0,1.0
n_masked=6,trm_mixer_xm8-ff_xm8,sampled_accuracy,0.005593749999999953,0.0,1,1,0,1.0,0,1.0
n_masked=6,trm_mixer_xm8-ff_xm8,sampled_exact_match,0.010249999999999995,0.0,1,1,0,1.0,0,1.0
n_masked=6,trm_mixer_xm8-ff_xm8,oracle_exact_match,0.02100000000000002,0.0,1,1,0,1.0,0,1.0
n_masked=6,trm_mixer_xm8-ff_xm8,mode_validity,0.07050000000000001,0.0,1,1,0,1.0,0,1.0
n_masked=6,trm_mixer_xm8-ff_xm8,mode_coverage,0.042511904761904695,0.0,1,1,0,1.0,0,1.0
n_masked=6,trm_mixer_det-ff_det,accuracy,0.0022083333333333677,0.0,1,1,0,1.0,0,1.0
n_masked=6,trm_mixer_det-ff_det,exact_match,0.0020000000000000018,0.0,1,1,0,1.0,0,1.0
n_masked=6,trm_mixer_det-ff_det,coherence_excess,0.0005665153669886791,0.0,1,1,0,1.0,1,1.0
n_masked=6,trm_mixer_det-ff_det,sampled_accuracy,0.0022083333333333677,0.0,1,1,0,1.0,0,1.0
n_masked=6,trm_mixer_det-ff_det,sampled_exact_match,0.0020000000000000018,0.0,1,1,0,1.0,0,1.0
n_masked=6,trm_mixer_det-ff_det,oracle_exact_match,0.0020000000000000018,0.0,1,1,0,1.0,0,1.0
n_masked=6,trm_mixer_det-ff_det,mode_validity,0.007999999999999952,0.0,1,1,0,1.0,0,1.0
n_masked=6,trm_mixer_det-ff_det,mode_coverage,0.0002642857142857169,0.0,1,1,0,1.0,1,1.0
