config,arm,n_params,ref_params,ratio,role,within_tol
n_masked=2,trm_mixer_det,17736,17736,1.0000,reference,True
n_masked=2,trm_mixer_xm1,17736,17736,1.0000,matched,True
n_masked=2,trm_mixer_xm8,17736,17736,1.0000,matched,True
n_masked=2,ff_det,17811,17736,1.0042,matched,True
n_masked=2,ff_xm1,17811,17736,1.0042,matched,True
n_masked=2,ff_xm8,17811,17736,1.0042,matched,True
n_masked=2,trm_flat_det,17712,17736,0.9986,matched,True
n_masked=4,trm_mixer_det,17736,17736,1.0000,reference,True
n_masked=4,trm_mixer_xm1,17736,17736,1.0000,matched,True
n_masked=4,trm_mixer_xm8,17736,17736,1.0000,matched,True
n_masked=4,ff_det,17811,17736,1.0042,matched,True
n_masked=4,ff_xm1,17811,17736,1.0042,matched,True
n_masked=4,ff_xm8,17811,17736,1.0042,matched,True
n_masked=4,trm_flat_det,17712,17736,0.9986,matched,True
n_masked=6,trm_mixer_det,17736,17736,1.0000,reference,True
n_masked=6,trm_mixer_xm1,17736,17736,1.0000,matched,True
n_masked=6,trm_mixer_xm8,17736,17736,1.0000,matched,True
n_masked=6,ff_det,17811,17736,1.0042,matched,True
n_masked=6,ff_xm1,17811,17736,1.0042,matched,True
n_masked=6,ff_xm8,17811,17736,1.0042,matched,True
n_masked=6,trm_flat_det,17712,17736,0.9986,matched,True
